{"cameraMode":{"drawMode":0,"name":"Shaded","section":"Shading Mode"},"sceneLighting":true,"audioPlay":false,"sceneViewState":{"showFog":true,"showMaterialUpdate":false,"showSkybox":true,"showFlares":true,"showImageEffects":true,"showParticleSystems":true},"in2DMode":false,"pivot":{"x":5.9738359451293949,"y":-1.6054763793945313,"z":10.88850212097168},"rotation":{"x":0.0003577293537091464,"y":0.9801042675971985,"z":-0.19848264753818513,"w":0.0017650595400482417},"size":21.774002075195314,"orthographic":false}