{"cameraMode":{"drawMode":0,"name":"Shaded","section":"Shading Mode"},"sceneLighting":false,"audioPlay":false,"sceneViewState":{"showFog":true,"showMaterialUpdate":false,"showSkybox":false,"showFlares":true,"showImageEffects":true,"showParticleSystems":true},"in2DMode":false,"pivot":{"x":0.9800000190734863,"y":1.100000023841858,"z":7.300000190734863},"rotation":{"x":-0.0027673100121319296,"y":0.9715551137924194,"z":-0.23653031885623933,"w":-0.011366607621312142},"size":2.857893466949463,"orthographic":false}